label,rmse_cell_V,max_abs_error_cell_V,high_current_bias_cell_V,high_current_rmse_cell_V,mean_V_act_V,mean_V_ohm_V,mean_V_conc_V,max_V_conc_V,max_positive_dV_step,terms_physical,theta1,theta2,theta3,theta4,theta5,theta6,theta7,theta8,theta9,theta10
book_reference,5.4301814379495,18.0025996094195,-5.13594149428414,7.88771787690918,1.59010676835641,0.19040073463677,1.74377446500603,16.6067243663147,0,1,0.7084,0.00143,-0.0001527,0.0001043,0.525,0.2173,-302.06,0.000513,5.2e-10,0.0335
current_applied,0.00473085289190884,0.00765092166837278,-0.00114484105553199,0.00465003848285871,0.437243472579642,0.0725981739190582,7.9414034796506e-41,7.94140347966756e-41,0,1,0.308349650019445,2.13949776274959e-05,-1.03589927313698e-26,6.22516372894646e-05,0.0942963585447676,0.0145955176409301,-6.97685465474141e-17,0.000156306667060957,7.94140347963322e-41,5.98861008775271e-15
book_theta_refit,0.00419770309400574,0.00711948409883212,-0.00254213578531972,0.003970671696783,0.441141692627174,0.068876795185504,0.000571839841150425,0.0028578373172909,0,1,0.304017191981674,2.25306159969634e-05,-2.43220427368691e-40,6.6267870643995e-05,0.045547324307882,6.57684656898606e-05,-1.52874181622737,9.63813640803096e-05,2.42869264823938e-06,0.0097928910349888
selected_candidate,0.00419770309400574,0.00711948409883212,-0.00254213578531972,0.003970671696783,0.441141692627174,0.068876795185504,0.000571839841150425,0.0028578373172909,0,1,0.304017191981674,2.25306159969634e-05,-2.43220427368691e-40,6.6267870643995e-05,0.045547324307882,6.57684656898606e-05,-1.52874181622737,9.63813640803096e-05,2.42869264823938e-06,0.0097928910349888
