case_label,current_density_A_cm2,EGR,air_flow_scale,cathode_flow_nlpm,dq60_speed_rpm,dq60_flow_lpm,dq60_dp_kPa,dq60_power_W,dq60_operating_map_ok,xO2_ca_in,pO2_ca_in_kPa,delta_pO2_ca_in_kPa,V_cell_sim,delta_V_cell_sim,P_stack_sim_W,delta_P_stack_sim_W,lambda_O2_actual,RH_ca_in,T_stack_C,risk_label,normal_operation_ok
baseline_j0p10_EGR0,0.1,0,1,49.7,3000,57.0499440999394,28.9999999999993,39.0963808647117,0,0.187025321958766,26.4313536258225,0,0.795892924637798,0,483.902898179781,0,3.10666829816219,0.800000000000002,61.7859657935164,dq60_map_boundary,0
representative_j0p10_EGR0p25_DQ60_solved_min_stable_flow,0.1,0.25,1.5,74.55,3000,85.978742719158,28.4021257264895,57.6510645901461,1,0.18000045127343,25.330946137181,-1.10040748864155,0.796018842890274,0.00012591825247632,483.979456477286,0.0765582975052439,3.39047219395561,0.828198417327945,61.7856473037414,pO2_target_miss,0
