dataset,rows,rmse_V,max_abs_err_V,mean_err_V,corr_err_vs_egr_fraction,corr_err_vs_xO2In,stack_out_T_rmse_C,stack_out_T_max_abs_C,stack_in_RH_rmse,stack_in_RH_max_abs,stack_out_p_rmse_kPa,cathode_dp_rmse_kPa,egr_return_T_rmse_C,egr_return_RH_rmse,egr_return_p_rmse_kPa,corr_Verr_vs_stack_out_Terr,corr_Verr_vs_egr_return_RHerr
noEGR_fit,17,0.0183323003383213,0.0279266124937297,0.000713869727215067,NaN,0.7975436038151,1.4804778602914,3.14271877736699,0.0159726438148386,0.0635088049658599,0,2.08741380942534e-14,NaN,NaN,NaN,-0.0785637961287067,NaN
EGR_validation,12,0.0366953868924586,0.0652216771126396,0.0350076319228602,0.792866563798314,-0.882451456330291,0.461866452852796,1.01160997318055,0.0261026450491998,0.0570759281816513,0,1.30667165796834e-14,0,0.115313489381483,0,0.0125081434902337,-0.352383728921133
