parameter,stack_index,value
book_theta1,24,0.302019067579622
book_theta3,26,9.2709159987504e-06
book_theta4,27,9.08657680095062e-05
book_theta9,30,2.3391297542515e-14
book_theta10,31,2.05464801993476e-22
pem_sigma_scale,82,7.72441360128719
asr0_ohm_cm2,83,1.8923358628421e-15
egr_loss_k_V,76,0.0604662222977428
egr_loss_exp,77,1
egr_loss_rh_V,78,0
